Name,DOB,Location,Insurance Carrier,Member ID,Group Number,Email,Phone
Anita Yadav S,25-03-1990,"Bengaluru, IN",Religare Health,Xx19374,G299,anita.yadav.s@gmail.com,9360089952.0
Meena Kumar,27-07-1995,"Bengaluru, IN",Religare Health,bt12419,G966,meena.kumar@gmail.com,6069707301.0
Suresh Yadav S,30-04-1993,"Bengaluru, IN",Aditya Birla Health,SX31931,G491,suresh.yadav.s@gmail.com,9136091449.0
Ashok Bose,09-11-1998,"Bengaluru, IN",HDFC Ergo,Qx90586,G185,ashok.bose@gmail.com,8026005556.0
Rajesh Patel,14-07-1945,"Bengaluru, IN",Star Health,OD67165,G262,rajesh.patel@gmail.com,6976275668.0
Harsha Singh,10-08-1994,"Bengaluru, IN",Star Health,DB84987,G945,harsha.singh@gmail.com,7000561842.0
Vikas Singh,19-08-2002,"Bengaluru, IN",New India Assurance,WD31473,G996,vikas.singh@gmail.com,6843203203.0
Meena Gowda,26-07-1967,"Bengaluru, IN",HDFC Ergo,nw07527,G454,meena.gowda@gmail.com,9174693203.0
Manoj Mishra,30-07-2004,"Bengaluru, IN",Bajaj Allianz,mf94808,G367,manoj.mishra@gmail.com,6820904987.0
Meena Reddy,14-06-1982,"Bengaluru, IN",ICICI Lombard,fs37770,G363,meena.reddy@gmail.com,8219776317.0
Gopal Singh M,05-07-1965,"Bengaluru, IN",HDFC Ergo,wB95788,G855,gopal.singh.m@gmail.com,9592836337.0
Karthik Rastogi S,02-07-1992,"Bengaluru, IN",Aditya Birla Health,hU74443,G351,karthik.rastogi.s@gmail.com,9852594792.0
Sunita Kumar K,24-03-1995,"Bengaluru, IN",Aditya Birla Health,rU82337,G989,sunita.kumar.k@gmail.com,8521139486.0
Divya Yadav R,06-12-1963,"Bengaluru, IN",Religare Health,lt13435,G082,divya.yadav.r@gmail.com,9512880614.0
Geeta Gupta M,05-05-1963,"Bengaluru, IN",New India Assurance,OW00842,G710,geeta.gupta.m@gmail.com,8603921597.0
Geeta Gowda R,27-09-1983,"Bengaluru, IN",ICICI Lombard,ld47775,G471,geeta.gowda.r@gmail.com,8132050896.0
Ramesh Rastogi,13-08-2000,"Bengaluru, IN",Bajaj Allianz,OR16719,G022,ramesh.rastogi@gmail.com,7149800990.0
Rajesh Joshi,15-11-1999,"Bengaluru, IN",New India Assurance,JW94131,G699,rajesh.joshi@gmail.com,8795376864.0
Kiran Singh,25-06-1998,"Bengaluru, IN",ICICI Lombard,Ct93867,G964,kiran.singh@gmail.com,9611037377.0
Deepa Shetty K,15-05-1983,"Bengaluru, IN",Aditya Birla Health,On90913,G412,deepa.shetty.k@gmail.com,7517658584.0
Suresh Sharma,29-12-1960,"Bengaluru, IN",Aditya Birla Health,AC28120,G974,suresh.sharma@gmail.com,8118379938.0
Harsha Joshi,23-11-1946,"Bengaluru, IN",New India Assurance,Ro34471,G493,harsha.joshi@gmail.com,9261089189.0
Nisha Bose,08-08-1973,"Bengaluru, IN",Religare Health,je18324,G024,nisha.bose@gmail.com,9616474747.0
Meena Rastogi,01-03-1985,"Bengaluru, IN",Star Health,St94717,G648,meena.rastogi@gmail.com,6680082641.0
Harsha Naidu,02-06-1981,"Bengaluru, IN",Religare Health,BV77190,G594,harsha.naidu@gmail.com,9361141293.0
Sunita Nair,07-06-1946,"Bengaluru, IN",HDFC Ergo,WR13990,G490,sunita.nair@gmail.com,8406265346.0
Suresh Menon,08-08-1996,"Bengaluru, IN",New India Assurance,lL27874,G671,suresh.menon@gmail.com,8860982147.0
Ravi Nair,28-08-1976,"Bengaluru, IN",Aditya Birla Health,kv56551,G674,ravi.nair@gmail.com,6271818197.0
Manoj Chopra,05-10-1989,"Bengaluru, IN",Aditya Birla Health,uq68071,G516,manoj.chopra@gmail.com,8782639317.0
Ashok Menon,13-07-2003,"Bengaluru, IN",Religare Health,dm80876,G859,ashok.menon@gmail.com,6377162624.0
Pooja Patel R,24-02-1996,"Bengaluru, IN",Religare Health,Ji77034,G477,pooja.patel.r@gmail.com,6517054126.0
Sunita Chopra,08-12-1952,"Bengaluru, IN",Religare Health,Ja09324,G861,sunita.chopra@gmail.com,7590857683.0
Divya Shetty S,18-12-1959,"Bengaluru, IN",Aditya Birla Health,Ts17127,G846,divya.shetty.s@gmail.com,9466793194.0
Ajay Menon R,23-06-2001,"Bengaluru, IN",Religare Health,jy77378,G398,ajay.menon.r@gmail.com,6790231018.0
Anita Reddy,17-06-1995,"Bengaluru, IN",Aditya Birla Health,YG21465,G404,anita.reddy@gmail.com,9904494397.0
Anita Rastogi,30-01-1994,"Bengaluru, IN",ICICI Lombard,CI49972,G755,anita.rastogi@gmail.com,7333877665.0
Harsha Shetty,25-03-1982,"Bengaluru, IN",ICICI Lombard,Sp86753,G963,harsha.shetty@gmail.com,6448765771.0
Meena Chopra,04-12-2002,"Bengaluru, IN",New India Assurance,yQ60576,G270,meena.chopra@gmail.com,6521953051.0
Lakshmi Rastogi,06-04-1953,"Bengaluru, IN",Bajaj Allianz,gH89517,G702,lakshmi.rastogi@gmail.com,9331430872.0
Lakshmi Menon,28-07-1972,"Bengaluru, IN",Bajaj Allianz,NS21745,G615,lakshmi.menon@gmail.com,7101683253.0
Ashok Mishra,04-09-2002,"Bengaluru, IN",Religare Health,cN86578,G134,ashok.mishra@gmail.com,7503814396.0
Sneha Naidu K,26-02-1960,"Bengaluru, IN",HDFC Ergo,kS16117,G400,sneha.naidu.k@gmail.com,9094253091.0
Ravi Kapoor,30-09-1966,"Bengaluru, IN",Religare Health,jp04556,G869,ravi.kapoor@gmail.com,6735376347.0
Vijay Varma K,26-01-1991,"Bengaluru, IN",ICICI Lombard,yN22219,G379,vijay.varma.k@gmail.com,6553226280.0
Anita Kumar,31-05-1954,"Bengaluru, IN",Star Health,Qa37474,G748,anita.kumar@gmail.com,7549056900.0
Deepa Singh M,04-06-1955,"Bengaluru, IN",ICICI Lombard,OB17594,G474,deepa.singh.m@gmail.com,8803417266.0
Gopal Sharma,25-03-1958,"Bengaluru, IN",Religare Health,Kw67136,G944,gopal.sharma@gmail.com,7306618211.0
Rajesh Shetty M,02-03-1946,"Bengaluru, IN",Aditya Birla Health,MV64090,G743,rajesh.shetty.m@gmail.com,8125119886.0
Rahul Patel M,25-12-1985,"Bengaluru, IN",HDFC Ergo,RW53394,G210,rahul.patel.m@gmail.com,9258599610.0
Rahul Joshi,11-09-1965,"Bengaluru, IN",Bajaj Allianz,fs70952,G562,rahul.joshi@gmail.com,8435555750.0
Kishore Kumar K,12-03-1990,"Bengaluru, IN",Bajaj Allianz,fs70952,G562,kishore.kumar.k@gmail.com,8929842023.0
pardhesh maddala,01-08-2005,Bangalore,SBI,HDN24HD4,G12,pardheshmaddala24@gmail.com,9032278543.0
Mr. Benerjee,01-08-2000,Bengaluru,HDFC,HF4J34HF,G464,pardheshmaddala@gmail.com,9032278543.0
ravi nayak,01-08-2005,Bengaluru,SBI,NFJ43DN5,G53,pardheshmaddala24@gmail.com,9032278543.0
Kumar singh,01-08-2005,Bengaluru,HDFC,NDHD535,G634,pardheshmaddala24@gmail.com,9032278543.0
Ravi Bansal,01-08-2005,Bengaluru,hebr,ajvn,g33,pardheshmaddala24@gmail.com,9032278543.0
,,,,,,,
,,,,,,,
,,,,,,,
Kesav Kumar,01-08-2005,Bengaluru,SBI,HFGT34,G32,pardheshmaddala24@gmail.com,9032278543
